,p2_in,p3_in,p2_total,p3_total
Mean,0.13342203300559727,0.5895947564755813,207523.3,222702.5
SD,0.0014888233482699422,0.0028091319696670826,1920.8286258799874,500.5171825222387
